Date,Confirmed,Recovered,Deaths,Increase rate,day_number,new_cases
2020-01-22,557,30,17,,0,0.0
2020-01-23,657,32,18,17.953321364452425,1,100.0
2020-01-24,944,39,26,43.68340943683409,2,287.0
2020-01-25,1437,42,42,52.22457627118644,3,493.0
2020-01-26,2120,56,56,47.529575504523315,4,683.0
2020-01-27,2929,65,82,38.16037735849056,5,809.0
2020-01-28,5580,108,131,90.5087060430181,6,2651.0
2020-01-29,6169,127,133,10.555555555555555,7,589.0
2020-01-30,8237,145,171,33.52245096449992,8,2068.0
2020-01-31,9927,225,213,20.51717858443608,9,1690.0
2020-02-01,12038,287,259,21.2652362244384,10,2111.0
2020-02-02,16787,476,362,39.45007476324971,11,4749.0
2020-02-03,19887,627,426,18.466670637993683,12,3100.0
2020-02-04,23899,857,492,20.173983003972445,13,4012.0
2020-02-05,27644,1130,564,15.670111720155656,14,3745.0
2020-02-06,30806,1493,634,11.438286789176674,15,3162.0
2020-02-07,34400,2016,719,11.666558462637148,16,3594.0
2020-02-08,37131,2617,806,7.938953488372093,17,2731.0
2020-02-09,40162,3247,906,8.162990493118958,18,3031.0
2020-02-10,42771,3949,1013,6.496190428763509,19,2609.0
2020-02-11,44814,4684,1113,4.77660096794557,20,2043.0
2020-02-12,45232,5151,1118,0.932744231713304,21,418.0
2020-02-13,60384,6294,1371,33.49840820657941,22,15152.0
2020-02-14,66912,8061,1523,10.81081081081081,23,6528.0
2020-02-15,69055,9397,1666,3.202714012434242,24,2143.0
2020-02-16,71238,10867,1770,3.1612482803562383,25,2183.0
2020-02-17,73273,12587,1868,2.856621466071479,26,2035.0
2020-02-18,75155,14352,2008,2.568476792270004,27,1882.0
2020-02-19,75655,16123,2123,0.6652917304237909,28,500.0
2020-02-20,76216,18181,2248,0.7415240235278567,29,561.0
2020-02-21,76846,18894,2252,0.8265980896399705,30,630.0
2020-02-22,78608,22892,2459,2.292897483278245,31,1762.0
2020-02-23,78990,23397,2470,0.4859556279259108,32,382.0
2020-02-24,79558,25229,2630,0.7190783643499177,33,568.0
2020-02-25,80412,27907,2710,1.0734307046431537,34,854.0
2020-02-26,81385,30388,2771,1.2100184052131524,35,973.0
2020-02-27,82730,33282,2814,1.6526386926337775,36,1345.0
2020-02-28,84154,36714,2873,1.7212619364196786,37,1424.0
2020-02-29,86030,39785,2943,2.2292463816336716,38,1876.0
2020-03-01,88410,42721,2997,2.7664768104149715,39,2380.0
2020-03-02,90393,45605,3086,2.2429589412962336,40,1983.0
2020-03-03,93004,48227,3160,2.8884980031639618,41,2611.0
2020-03-04,95329,51170,3255,2.499892477742893,42,2325.0
2020-03-05,98046,53796,3348,2.850129551343243,43,2717.0
2020-03-06,101976,55864,3461,4.008322624074414,44,3930.0
2020-03-07,106122,58358,3566,4.065662508825605,45,4146.0
2020-03-08,109972,60695,3807,3.627899964192157,46,3850.0
2020-03-09,114299,62495,3997,3.934637907831085,47,4327.0
2020-03-10,119108,64402,4273,4.207385891390126,48,4809.0
2020-03-11,126628,66999,4618,6.313597743224636,49,7520.0
2020-03-12,133383,68328,4930,5.334523170230913,50,6755.0
2020-03-13,146673,70255,5420,9.963788488787928,51,13290.0
2020-03-14,157617,72622,5843,7.461495980855372,52,10944.0
2020-03-15,168876,76031,6496,7.143265003140524,53,11259.0
2020-03-16,183394,78086,7178,8.59684028517966,54,14518.0
2020-03-17,198691,80830,7989,8.341058049881674,55,15297.0
2020-03-18,216348,83317,8907,8.886663210714124,56,17657.0
2020-03-19,243464,84958,10017,12.533510825152067,57,27116.0
2020-03-20,273008,87403,11504,12.134853612854467,58,29544.0
2020-03-21,305423,91650,13233,11.873278438727072,59,32415.0
2020-03-22,339895,97867,14919,11.28664180497212,60,34472.0
2020-03-23,382799,98355,16886,12.622721722885007,61,42904.0
2020-03-24,424883,107974,19201,10.993759126852472,62,42084.0
2020-03-25,475998,113753,22022,12.03037071382004,63,51115.0
2020-03-26,537412,122125,25058,12.902155051071643,64,61414.0
2020-03-27,601349,130910,28538,11.89720363519981,65,63937.0
2020-03-28,670495,139421,32374,11.498480915408525,66,69146.0
2020-03-29,726726,148877,35838,8.386490577856657,67,56231.0
2020-03-30,791975,164213,39895,8.978487077660631,68,65249.0
2020-03-31,870403,177803,44661,9.9028378421036,69,78428.0
2020-04-01,951968,193075,50714,9.37094656153529,70,81565.0
2020-04-02,1034275,210218,56593,8.645983898618441,71,82307.0
2020-04-03,1118277,225640,62818,8.12182446641367,72,84002.0
2020-04-04,1178363,246052,68781,5.373087347768039,73,60086.0
2020-04-05,1250388,259888,74091,6.112293070980674,74,72025.0
2020-04-06,1324899,276597,79957,5.959030316989606,75,74511.0
2020-04-07,1393878,299859,88306,5.20635912624283,76,68979.0
2020-04-08,1475875,328741,95132,5.882652570741485,77,81997.0
2020-04-09,1562641,353995,103003,5.878953163377657,78,86766.0
2020-04-10,1649186,375733,110565,5.538380216569257,79,86545.0
2020-04-11,1724605,401983,117084,4.5731045497597,80,75419.0
2020-04-12,1843412,421366,122922,6.888939786211916,81,118807.0
2020-04-13,1915034,448623,128975,3.8852953110861814,82,71622.0
2020-04-14,1999558,473697,136189,4.413707537307432,83,84524.0
2020-04-15,2077371,510236,144551,3.891510023715241,84,77813.0
2020-04-16,2171785,541119,152026,4.5448790803376005,85,94414.0
2020-04-17,2259607,567303,160597,4.043770446890461,86,87822.0
2020-04-18,2337796,591169,166983,3.460291988828146,87,78189.0
2020-04-19,2414457,622952,172419,3.279199724869065,88,76661.0
2020-04-20,2490365,645130,178322,3.143895294055765,89,75908.0
2020-04-21,2566638,679932,185709,3.062723737283491,90,76273.0
2020-04-22,2648575,710017,192772,3.1923863045743106,91,81937.0
2020-04-23,2731191,738747,199676,3.11926224479201,92,82616.0
2020-04-24,2815227,788776,206617,3.0768994186052896,93,84036.0
2020-04-25,2898734,816531,212567,2.9662616904427246,94,83507.0
2020-04-26,2969606,845343,216860,2.4449294071135883,95,70872.0
2020-04-27,3040528,873227,221730,2.388262954748879,96,70922.0
2020-04-28,3116384,906439,228524,2.4948298453426507,97,75856.0
2020-04-29,3193728,948516,235484,2.481850760368427,98,77344.0
2020-04-30,3277569,1013632,241546,2.6251765961284117,99,83841.0
2020-05-01,3366610,1051789,247086,2.7166781233286015,100,89041.0
2020-05-02,3444964,1092440,252954,2.327385708472321,101,78354.0
2020-05-03,3519125,1124973,256815,2.152736574315435,102,74161.0
2020-05-04,3596510,1159059,261181,2.198984122473626,103,77385.0
2020-05-05,3676149,1195532,267419,2.2143411251463223,104,79639.0
2020-05-06,3766683,1241651,274166,2.462740220812595,105,90534.0
2020-05-07,3855364,1281176,279841,2.3543526227187157,106,88681.0
2020-05-08,3945797,1317589,285765,2.3456410341539735,107,90433.0
2020-05-09,4030371,1371030,290382,2.143394604436062,108,84574.0
2020-05-10,4105624,1404839,294434,1.8671482104252932,109,75253.0
2020-05-11,4181600,1451724,298258,1.8505347786353548,110,75976.0
2020-05-12,4266957,1488766,304137,2.0412521522862064,111,85357.0
2020-05-13,4351290,1544638,309590,1.97642019828182,112,84333.0
2020-05-14,4446959,1584349,315235,2.198635347218871,113,95669.0
2020-05-15,4543310,1632452,320957,2.166671651346459,114,96351.0
2020-05-16,4637421,1688863,325507,2.071419295623675,115,94111.0
2020-05-17,4715829,1729871,329094,1.6907673467645057,116,78408.0
2020-05-18,4804897,1782787,333226,1.8887029194654856,117,89068.0
2020-05-19,4900710,1834839,338357,1.994069800039418,118,95813.0
2020-05-20,5006099,1893809,343748,2.150484317578474,119,105389.0
2020-05-21,5111870,1945029,348701,2.112842754408173,120,105771.0
2020-05-22,5219114,2053576,354391,2.097940675330163,121,107244.0
2020-05-23,5323547,2108410,358772,2.000971812457057,122,104433.0
2020-05-24,5416801,2163937,362256,1.7517268092119782,123,93254.0
2020-05-25,5504948,2227666,363762,1.6272888740051554,124,88147.0
2020-05-26,5597804,2282818,368384,1.6867734263793228,125,92856.0
2020-05-27,5700330,2346145,373744,1.831539653764226,126,102526.0
2020-05-28,5819995,2413008,378794,2.0992644285506277,127,119665.0
2020-05-29,5941625,2490273,383955,2.0898643383714246,128,121630.0
2020-05-30,6077041,2560723,388246,2.279107146613931,129,135416.0
2020-05-31,6180061,2637107,391387,1.6952329266825747,130,103020.0
2020-06-01,6280296,2692032,395023,1.6219095572034,131,100235.0
2020-06-02,6403453,2796144,400307,1.961006296518508,132,123157.0
2020-06-03,6514705,2875235,405976,1.7373751318234083,133,111252.0
2020-06-04,6652817,2945305,411408,2.1200038988718597,134,138112.0
2020-06-05,6786463,3014470,416538,2.0088633130897784,135,133646.0
2020-06-06,6915945,3086674,420638,1.907945272817372,136,129482.0
2020-06-07,7026914,3141783,423764,1.6045384976311985,137,110969.0
2020-06-08,7129985,3293394,428095,1.4668032083500666,138,103071.0
2020-06-09,7256297,3375664,433202,1.7715605292297247,139,126312.0
2020-06-10,7393421,3454835,438638,1.889724194034505,140,137124.0
2020-06-11,7529261,3540714,443725,1.837309142817648,141,135840.0
2020-06-12,7656733,3620434,448457,1.6930214001081911,142,127472.0
2020-06-13,7790659,3706326,452864,1.7491272060812362,143,133926.0
2020-06-14,7922545,3777145,456522,1.6928734783540134,144,131886.0
2020-06-15,8047366,3857420,460508,1.5755164533618933,145,124821.0
2020-06-16,8191583,3955283,467638,1.792101912600968,146,144217.0
2020-06-17,8334714,4074114,473117,1.7472935328861343,147,143131.0
2020-06-18,8477437,4155277,478443,1.712392290845253,148,142723.0
2020-06-19,8658514,4250267,484794,2.135987563222234,149,181077.0
2020-06-20,8844374,4366121,489232,2.1465577118660315,150,185860.0
2020-06-21,8937379,4434807,493820,1.0515724459413407,151,93005.0
2020-06-22,9079532,4526440,497614,1.5905446104501106,152,142153.0
2020-06-23,9247902,4630495,503191,1.8543907329144276,153,168370.0
2020-06-24,9419320,4746246,508663,1.8535879813605292,154,171418.0
2020-06-25,9598762,4839130,513746,1.90504197755252,155,179442.0
2020-06-26,9791221,4945110,518822,2.005039816593015,156,192459.0
2020-06-27,9967566,5051396,523516,1.8010521874646686,157,176345.0
2020-06-28,10136032,5140599,527091,1.6901418059333644,158,168466.0
2020-06-29,10288517,5235170,531108,1.5043855425870791,159,152485.0
2020-06-30,10472385,5352510,536343,1.7871185905607194,160,183868.0
2020-07-01,10687359,5468424,541720,2.052770214234866,161,214974.0
2020-07-02,10891991,5753358,547195,1.9147106408608523,162,204632.0
2020-07-03,11094487,5863246,552434,1.8591275001971632,163,202496.0
2020-07-04,11284154,6059006,557196,1.7095607935725194,164,189667.0
2020-07-05,11470135,6178369,560995,1.6481607748352247,165,185981.0
2020-07-06,11637923,6302068,565214,1.462824979828049,166,167788.0
2020-07-07,11847615,6447101,571595,1.801799169834686,167,209692.0
2020-07-08,12062729,6605157,577225,1.8156734498884377,168,215114.0
2020-07-09,12286931,6739775,583029,1.858634144893747,169,224202.0
2020-07-10,12520121,6879221,588771,1.8978701841818757,170,233190.0
2020-07-11,12732941,7004913,593874,1.6998238275812192,171,212820.0
2020-07-12,12925796,7116749,598161,1.5146147304067457,172,192855.0
2020-07-13,13119978,7257072,602539,1.5022827220853554,173,194182.0
2020-07-14,13341228,7399324,608526,1.6863595350540983,174,221250.0
2020-07-15,13570476,7559130,614423,1.7183425693646792,175,229248.0
2020-07-16,13815424,7711615,620588,1.805006692469741,176,244948.0
2020-07-17,14052932,7895036,627582,1.719151001084006,177,237508.0
2020-07-18,14288256,8045823,634080,1.6745544630828642,178,235324.0
2020-07-19,14500046,8133881,638971,1.4822662751843192,179,211790.0
2020-07-20,14708011,8293009,642893,1.434236829317645,180,207965.0
2020-07-21,14951217,8467705,649249,1.6535614502871938,181,243206.0
2020-07-22,15226372,8647437,656622,1.8403518589824497,182,275155.0
2020-07-23,15506179,8823667,663262,1.8376472084091997,183,279807.0
2020-07-24,15789858,9051967,669717,1.8294577922775173,184,283679.0
2020-07-25,16039878,9271779,675792,1.5834214595216751,185,250020.0
2020-07-26,16251880,9415080,680145,1.3217182823959135,186,212002.0
2020-07-27,16485974,9586463,685422,1.440411816971329,187,234094.0
2020-07-28,16750382,9756921,692366,1.6038360851472897,188,264408.0
2020-07-29,17020687,9959507,699019,1.6137243914795496,189,270305.0
2020-07-30,17302404,10173026,705765,1.6551447071437246,190,281717.0
2020-07-31,17590145,10372632,712354,1.663011683231995,191,287741.0
2020-08-01,17836466,10553543,718356,1.400335244536074,192,246321.0
2020-08-02,18067265,10692267,723008,1.2939726961607754,193,230799.0
2020-08-03,18273134,10914712,727807,1.1394585732815674,194,205869.0
2020-08-04,18538734,11138369,734978,1.4534999852789343,195,265600.0
2020-08-05,18813900,11360064,742360,1.4842761107635505,196,275166.0
2020-08-06,19100788,11548871,749183,1.5248725676228747,197,286888.0
2020-08-07,19383355,11740917,755920,1.47934734420381,198,282567.0
2020-08-08,19648713,11941161,761937,1.3689993295794254,199,265358.0
2020-08-09,19881837,12119939,767106,1.1864593879507528,200,233124.0
2020-08-10,20114995,12284150,772469,1.1727185973811172,201,233158.0
2020-08-11,20380911,12589218,779101,1.321978951523478,202,265916.0
2020-08-12,20655885,12829863,786048,1.3491742346551634,203,274974.0
2020-08-13,20946163,12993779,792840,1.4053041058274676,204,290278.0
2020-08-14,21253368,13277021,799421,1.4666409308473345,205,307205.0
2020-08-15,21502515,13445625,805439,1.1722706725823409,206,249147.0
2020-08-16,21712481,13678579,810225,0.9764718220170988,207,209966.0
2020-08-17,21925213,13889591,814842,0.9797682724512228,208,212732.0
2020-08-18,22184889,14117186,821893,1.184371618191349,209,259676.0
2020-08-19,22462185,14335183,828302,1.249931879307577,210,277296.0
2020-08-20,22733750,14542973,834739,1.2089874604808035,211,271565.0
2020-08-21,22995385,14711467,840476,1.150866003189091,212,261635.0
2020-08-22,23259276,14921384,846274,1.1475824388241378,213,263891.0
2020-08-23,23461927,15137915,850586,0.8712695958378067,214,202651.0
2020-08-24,23689888,15337336,855405,0.9716209585001266,215,227961.0
2020-08-25,23935409,15568885,861970,1.036395782031557,216,245521.0
2020-08-26,24216938,15794619,868511,1.1762030053465975,217,281529.0
2020-08-27,24504301,16001856,874717,1.1866198773767351,218,287363.0
2020-08-28,24788323,16200974,880534,1.1590699934676774,219,284022.0
2020-08-29,25049249,16412387,886339,1.0526165888672665,220,260926.0
2020-08-30,25268736,16622627,890600,0.8762218779493149,221,219487.0
2020-08-31,25532930,16823417,895016,1.0455370620833586,222,264194.0
2020-09-01,25799976,17081379,901614,1.0458885838797192,223,267046.0
2020-09-02,26081699,17300616,907908,1.0919506281711269,224,281723.0
2020-09-03,26367170,17521985,914006,1.0945260889637596,225,285471.0
2020-09-04,26668499,17735486,919857,1.1428188918264646,226,301329.0
2020-09-05,26942595,17936474,924962,1.0277893780223626,227,274096.0
2020-09-06,27171440,18148265,929078,0.8493799502238,228,228845.0
2020-09-07,27388662,18345813,938684,0.7994497163197828,229,217222.0
2020-09-08,27635123,18547610,943817,0.8998650609511337,230,246461.0
2020-09-09,27920213,18787877,950075,1.0316219688980577,231,285090.0
2020-09-10,28224541,19004538,956075,1.0899916845190256,232,304328.0
2020-09-11,28540587,19228208,962068,1.1197560307535204,233,316046.0
2020-09-12,28829539,19451142,967111,1.0124248670848992,234,288952.0
2020-09-13,29077878,19638990,971055,0.8614046863531186,235,248339.0
2020-09-14,29344683,19867489,975643,0.9175531997211076,236,266805.0
2020-09-15,29625452,20093776,982216,0.9567968411858462,237,280769.0
2020-09-16,29930181,20323253,988076,1.028605403218827,238,304729.0
2020-09-17,30245688,20543464,993715,1.0541433077200568,239,315507.0
2020-09-18,30572221,20794613,999566,1.079601826217344,240,326533.0
2020-09-19,30865470,21031598,1004872,0.9592008379109912,241,293249.0
2020-09-20,31120345,21268675,1008828,0.8257609555273255,242,254875.0
2020-09-21,31379958,21514153,1013231,0.8342227568492573,243,259613.0
2020-09-22,31664541,21733546,1019388,0.906894139246458,244,284583.0
2020-09-23,31976037,21996959,1025913,0.9837376136290747,245,311496.0
2020-09-24,32296990,22252629,1031593,1.003729761758782,246,320953.0
2020-09-25,32627024,22491837,1037605,1.0218723168939272,247,330034.0
2020-09-26,32912811,22753980,1043037,0.8759211382564343,248,285787.0
2020-09-27,33159736,22967859,1046878,0.7502397774532232,249,246925.0
2020-09-28,33422170,23190401,1050951,0.7914236711655365,250,262434.0
2020-09-29,33704894,23431685,1057046,0.8459175451504196,251,282724.0
2020-09-30,34029080,23679903,1063488,0.9618365807647994,252,324186.0
2020-10-01,34348139,23901445,1072373,0.9376068938684208,253,319059.0
2020-10-02,34677414,24073730,1077969,0.9586400008454607,254,329275.0
2020-10-03,34974941,24329331,1082692,0.8579849696981442,255,297527.0
2020-10-04,35234912,24551490,1086683,0.7433064719108461,256,259971.0
2020-10-05,35545699,24788958,1093722,0.8820427875625175,257,310787.0
2020-10-06,35861625,25021584,1099576,0.8887882609932639,258,315926.0
2020-10-07,36210456,25276775,1105467,0.972713868933714,259,348831.0
2020-10-08,36569609,25496281,1111833,0.991848873706534,260,359153.0
2020-10-09,36929540,25703071,1118024,0.9842352976757284,261,359931.0
2020-10-10,37285319,25898476,1122904,0.9633994899476136,262,355779.0
2020-10-11,37574472,26121116,1127028,0.7755143519088572,263,289153.0
2020-10-12,37863592,26321235,1131078,0.7694585834765689,264,289120.0
2020-10-13,38182789,26513680,1136463,0.8430182746528644,265,319197.0
2020-10-14,38562868,26725965,1142654,0.9954196902693514,266,380079.0
2020-10-15,38969780,26933292,1148837,1.0551912269595716,267,406912.0
2020-10-16,39379895,27136306,1155025,1.052392392258822,268,410115.0
2020-10-17,39752176,27334589,1160737,0.9453580310460452,269,372281.0
2020-10-18,40083148,27536100,1164590,0.8325883845956006,270,330972.0
2020-10-19,40456878,27738631,1169292,0.9323868474601844,271,373730.0
2020-10-20,40845321,27950078,1175943,0.9601408195659586,272,388443.0
2020-10-21,41284309,28161300,1182798,1.0747571306882373,273,438988.0
2020-10-22,41766204,28388093,1188695,1.1672594544334025,274,481895.0
2020-10-23,42259529,28594827,1195788,1.181158335576774,275,493325.0
2020-10-24,42716464,28806408,1201651,1.0812590930675068,276,456935.0
2020-10-25,43075336,29003666,1205906,0.8401257182710629,277,358872.0
2020-10-26,43558104,29242801,1211520,1.120752720303795,278,482768.0
2020-10-27,44025232,29832506,1218996,1.0724250072960018,279,467128.0
2020-10-28,44545397,30098468,1226179,1.1815156363060166,280,520165.0
2020-10-29,45095600,30345219,1233380,1.2351511874504115,281,550203.0
2020-10-30,45667520,30600993,1241057,1.268239029971882,282,571920.0
2020-10-31,46140588,30845322,1247660,1.035895971578925,283,473068.0
2020-11-01,46578413,31103269,1252779,0.9488934124549953,284,437825.0
2020-11-02,47124212,31383406,1258854,1.1717853074985618,285,545799.0
2020-11-03,47687439,31634979,1268427,1.1951966432881678,286,563227.0
2020-11-04,48179325,31914298,1278499,1.031479170017916,287,491886.0
2020-11-05,48797426,32217953,1287166,1.282917517005479,288,618101.0
2020-11-06,49418108,32506314,1296318,1.271956434751292,289,620682.0
2020-11-07,50018687,32805330,1304068,1.215301484225175,290,600579.0
2020-11-08,50508065,33058570,1310158,0.9783903363956756,291,489378.0
2020-11-09,51015418,33315623,1317391,1.004498984469114,292,507353.0
2020-11-10,51584111,33572983,1327237,1.1147473103131291,293,568693.0
2020-11-11,52207978,33953207,1337787,1.2094169850092018,294,623867.0
2020-11-12,52849166,34179446,1347560,1.2281417985580672,295,641188.0
2020-11-13,53511432,34481578,1357352,1.2531247891404758,296,662266.0
2020-11-14,54098149,34759397,1366475,1.096433001456586,297,586717.0
2020-11-15,54588232,34990157,1373087,0.9059145443220248,298,490083.0
2020-11-16,55110823,35380887,1380828,0.957332708632146,299,522591.0
2020-11-17,55711730,35814478,1391876,1.0903611437629956,300,600907.0
2020-11-18,56333473,36177588,1403334,1.116000167289725,301,621743.0
2020-11-19,56987275,36551887,1414453,1.1605923888271543,302,653802.0
2020-11-20,57662075,36907311,1426213,1.1841239996121942,303,674800.0
2020-11-21,58256749,37246581,1435353,1.0313087068059898,304,594674.0
2020-11-22,58755072,37520305,1442824,0.8553910208755384,305,498323.0
2020-11-23,59284353,37931518,1451132,0.9008260597485098,306,529281.0
2020-11-24,59875565,38303697,1463736,0.9972479584958952,307,591212.0
2020-11-25,60492652,38741107,1475890,1.0306157445027866,308,617087.0
2020-11-26,61086033,39107983,1486891,0.9809141778079096,309,593381.0
2020-11-27,61780326,39489609,1498394,1.1365822364009135,310,694293.0
2020-11-28,62388284,39849315,1507860,0.98406408538537,311,607958.0
2020-11-29,62884434,40167598,1515172,0.7952614949306828,312,496150.0
2020-11-30,63386344,40569854,1523873,0.7981466446847562,313,501910.0
2020-12-01,64000159,41046058,1536532,0.9683710421916746,314,613815.0
2020-12-02,64639978,41508984,1549160,0.9997147038337828,315,639819.0
2020-12-03,65331254,41935968,1561779,1.0694248689255432,316,691276.0
2020-12-04,66028169,42426585,1574187,1.066740583304891,317,696915.0
2020-12-05,66672388,42862533,1584737,0.9756729737576094,318,644219.0
2020-12-06,67216584,43178577,1592557,0.8162239516604685,319,544196.0
2020-12-07,67750014,43591716,1600972,0.7935987940119063,320,533430.0
2020-12-08,68380626,44032487,1613132,0.9307924275853288,321,630612.0
2020-12-09,69046486,44458967,1625916,0.9737553440941006,322,665860.0
2020-12-10,70543194,44950193,1638408,2.167681639873751,323,1496708.0
2020-12-11,71251444,45428333,1651556,1.0039948006890644,324,708250.0
2020-12-12,71901650,46933276,1662469,0.9125513301877785,325,650206.0
2020-12-13,72441140,47328395,1670406,0.750316578270457,326,539490.0
2020-12-14,72992271,41338398,1679234,0.7607983529800885,327,551131.0
2020-12-15,73639542,41696562,1692579,0.8867664906603605,328,647271.0
2020-12-16,74357765,42058782,1706670,0.9753224700935808,329,718223.0
2020-12-17,75096946,42434191,1719993,0.9940871676280212,330,739181.0
2020-12-18,75819294,42751919,1733005,0.9618873182938756,331,722348.0
2020-12-19,76455347,43103505,1744311,0.8389065189660035,332,636053.0
2020-12-20,77003179,43380334,1752546,0.7165385044946562,333,547832.0
2020-12-21,77549228,43723554,1761625,0.7091252687113087,334,546049.0
2020-12-22,78201068,44086739,1775566,0.8405499536371916,335,651840.0
2020-12-23,78883803,44410879,1789509,0.8730507363403273,336,682735.0
2020-12-24,79579153,44725551,1801705,0.881486406024314,337,695350.0
2020-12-25,80098228,45017157,1810601,0.6522751002388779,338,519075.0
2020-12-26,80605026,45425321,1818041,0.6327206139941074,339,506798.0
2020-12-27,81017977,45717709,1825789,0.5123142073051375,340,412951.0
2020-12-28,81516474,46016135,1834888,0.6152918382546135,341,498497.0
2020-12-29,82187305,46369230,1849717,0.8229391766871565,342,670831.0
2020-12-30,82913042,46757475,1865432,0.8830281026978559,343,725737.0
2020-12-31,83753075,47055807,1879122,1.013149415022066,344,840033.0
2021-01-01,84341129,47359111,1889077,0.7021282502164845,345,588054.0
2021-01-02,84921890,47614296,1897496,0.6885857551183598,346,580761.0
2021-01-03,85442114,47882778,1905134,0.6125911705450738,347,520224.0
2021-01-04,85998532,48173186,1914530,0.6512221830091891,348,556418.0
2021-01-05,86740208,48488547,1929931,0.8624286749452885,349,741676.0
2021-01-06,87531297,48801672,1944927,0.912021100986984,350,791089.0
2021-01-07,88402136,49125603,1959982,0.9948887196313336,351,870839.0
2021-01-08,89238832,49422866,1975521,0.9464658184277358,352,836696.0
2021-01-09,89996683,49753111,1988855,0.8492390397937973,353,757851.0
2021-01-10,90598523,50023661,1997796,0.6687357577389825,354,601840.0
2021-01-11,91212596,50313949,2007354,0.6777958179296146,355,614073.0
2021-01-12,91904578,50657506,2024302,0.7586474131270203,356,691982.0
2021-01-13,92648667,51023567,2041022,0.8096321382379885,357,744089.0
2021-01-14,93409890,51396412,2056610,0.8216232619946923,358,761223.0
2021-01-15,94194314,51717034,2072243,0.8397654680890857,359,784424.0
2021-01-16,94852162,52034089,2086164,0.6983945973639131,360,657848.0
2021-01-17,95379938,52349804,2095253,0.5564195785015422,361,527776.0
2021-01-18,95896595,52668557,2104872,0.5416830948244065,362,516657.0
2021-01-19,96489830,53071501,2120725,0.6186194619318861,363,593235.0
2021-01-20,97176788,53399272,2138868,0.7119486063971716,364,686958.0
2021-01-21,97846151,53765411,2156151,0.6888095539852583,365,669363.0
2021-01-22,98510412,54147168,2172232,0.6788831172316631,366,664261.0
2021-01-23,99087798,54463661,2186850,0.5861167243925445,367,577386.0
2021-01-24,99549884,54774618,2195957,0.4663399624643994,368,462086.0
2021-01-25,100030792,55089059,2206362,0.4830824313165447,369,480908.0
2021-01-26,100592320,55418602,2224173,0.5613551475229748,370,561528.0
2021-01-27,101193735,55759371,2241615,0.5978736746503113,371,601415.0
2021-01-28,101808776,56075030,2258177,0.6077856499713149,372,615041.0
2021-01-29,102398247,56439137,2273979,0.5789982191712039,373,589471.0
2021-01-30,102913518,56790303,2287429,0.5032029503395697,374,515271.0
2021-01-31,103310123,57079202,2296527,0.3853769725372715,375,396605.0
2021-02-01,103752688,57351844,2306150,0.4283849318425455,376,442565.0
2021-02-02,104217880,57702034,2321484,0.4483662148589345,377,465192.0
2021-02-03,104743426,58031881,2337679,0.5042762335983039,378,525546.0
2021-02-04,105215449,58325870,2350625,0.4506468978778677,379,472023.0
2021-02-05,105752476,58607157,2367926,0.5104069840542143,380,537027.0
2021-02-06,106188323,58901714,2379783,0.4121388136576584,381,435847.0
2021-02-07,106540137,59179149,2387143,0.3313113815725294,382,351814.0
2021-02-08,106879564,59411983,2396212,0.3185907298016709,383,339427.0
2021-02-09,107286701,59783591,2411279,0.3809306332873888,384,407137.0
2021-02-10,107727017,60052899,2425448,0.4104106062502565,385,440316.0
2021-02-11,108171909,60328984,2439315,0.4129808959622451,386,444892.0
2021-02-12,108602636,60616583,2452310,0.3981874813728211,387,430727.0
2021-02-13,108983366,60862826,2463034,0.3505716012270641,388,380730.0
2021-02-14,109292190,61058257,2469761,0.2833680141609867,389,308824.0
2021-02-15,109572409,61346870,2477164,0.2563943498615958,390,280219.0
2021-02-16,109931831,61582275,2488491,0.3280223582562651,391,359422.0
2021-02-17,110318342,61876216,2500087,0.3515915240236469,392,386511.0
2021-02-18,110729640,62112834,2512001,0.3728283008459283,393,411298.0
2021-02-19,111139580,62347470,2523693,0.370217043964019,394,409940.0
2021-02-20,111515230,62616686,2532767,0.3379983980504515,395,375650.0
2021-02-21,111834482,62833943,2539343,0.2862855593805438,396,319252.0
2021-02-22,112129135,63016513,2546356,0.2634724055859623,397,294653.0
2021-02-23,112522443,63295143,2558026,0.3507634300398375,398,393308.0
2021-02-24,112967480,63504602,2570562,0.3955095429273607,399,445037.0
2021-02-25,113421072,63732294,2581421,0.401524403306155,400,453592.0
2021-02-26,113863138,63992562,2591996,0.3897564995682637,401,442066.0
2021-02-27,114260988,64243284,2600691,0.3494107109537065,402,397850.0
2021-02-28,114569813,64418461,2607029,0.27028035150545,403,308825.0
2021-03-01,114874850,64633387,2614416,0.2662455249010488,404,305037.0
2021-03-02,115188425,64903491,2624772,0.2729709766759217,405,313575.0
2021-03-03,115630622,65132899,2636546,0.3838901347943597,406,442197.0
2021-03-04,116089417,65383179,2647015,0.3967763833355493,407,458795.0
2021-03-05,116539442,65609539,2657485,0.3876537686462841,408,450025.0
2021-03-06,116953953,65846042,2665755,0.3556830141678557,409,414511.0
2021-03-07,117327861,66084362,2671692,0.3197053117135767,410,373908.0
2021-03-08,117632319,66358920,2678717,0.2594933525635484,411,304458.0
2021-03-09,118046564,66621153,2689280,0.3521523706422892,412,414245.0
2021-03-10,118505479,66856509,2699457,0.388757609243078,413,458915.0
2021-03-11,118995836,67129126,2709693,0.4137842436804124,414,490357.0
2021-03-12,119485614,67397682,2719584,0.4115925535411171,415,489778.0
2021-03-13,119941781,67650214,2728176,0.3817756671527001,416,456167.0
2021-03-14,120306971,67895902,2733988,0.3044727174761562,417,365190.0
2021-03-15,120659926,68185781,2741454,0.2933786771175545,418,352955.0
2021-03-16,121126545,68452266,2752081,0.3867224317707604,419,466619.0
2021-03-17,121672187,68716802,2762677,0.4504726854051686,420,545642.0
2021-03-18,122220797,68985878,2773399,0.4508918706293986,421,548610.0
2021-03-19,122784013,69264939,2784225,0.4608184644713125,422,563216.0
2021-03-20,123283226,69523150,2793008,0.4065781756131394,423,499213.0
2021-03-21,123722665,69803249,2801454,0.3564467075188314,424,439439.0
2021-03-22,124142574,70137878,2809326,0.3393953727071753,425,419909.0
2021-03-23,124649657,70451020,2820817,0.408468250384433,426,507083.0
2021-03-24,125279444,70786662,2831499,0.5052456742821202,427,629787.0
2021-03-25,125931456,71098479,2843056,0.520446115645277,428,652012.0
2021-03-26,126572141,71463065,2855824,0.5087569224959966,429,640685.0
2021-03-27,127157204,71768318,2866034,0.4622367887416869,430,585063.0
2021-03-28,127649180,72097106,2873284,0.3869037573364699,431,491976.0
2021-03-29,128108148,72401542,2881882,0.3595542094355796,432,458968.0
2021-03-30,128669690,72736785,2893798,0.4383343360798565,433,561542.0
2021-03-31,129344579,73119294,2906701,0.5245128048416065,434,674889.0
2021-04-01,130054616,73464080,2918988,0.5489499486484084,435,710037.0
2021-04-02,130699335,73784287,2929619,0.4957294249363667,436,644719.0
2021-04-03,131240249,74150288,2938932,0.4138613253081968,437,540914.0
2021-04-04,131799592,74498476,2946314,0.4261977588902624,438,559343.0
2021-04-05,132294751,74846289,2954562,0.3756908443237062,439,495159.0
2021-04-06,132901342,75216285,2967002,0.4585147902050929,440,606591.0
2021-04-07,133565619,75699590,2982385,0.4998271575015398,441,664277.0
2021-04-08,134401976,76094849,2996720,0.6261768606784954,442,836357.0
2021-04-09,135149458,76548562,3011092,0.5561540255926,443,747482.0
2021-04-10,135820843,76933556,3024124,0.4967722475069046,444,671385.0
2021-04-11,136529367,77464028,3033212,0.5216607292004513,445,708524.0
2021-04-12,137142099,77858760,3043098,0.4487913578329268,446,612732.0
2021-04-13,137906430,78345222,3056919,0.5573277684775702,447,764331.0
2021-04-14,138719032,78792112,3071018,0.589241560382645,448,812602.0
2021-04-15,139539495,79236514,3084676,0.5914566935559354,449,820463.0
2021-04-16,140399677,79740631,3098064,0.6164433947535786,450,860182.0
2021-04-17,141193459,80259167,3110669,0.5653730955520645,451,793782.0
2021-04-18,141893297,80839358,3119780,0.4956589384215029,452,699838.0
2021-04-19,142583039,81374733,3130880,0.4860990720372083,453,689742.0
2021-04-20,143422747,81979570,3145202,0.5889255874255843,454,839708.0
2021-04-21,144311955,82491870,3159936,0.6199909139935801,455,889208.0
2021-04-22,145211836,83128166,3173812,0.623566495235963,456,899881.0
2021-04-23,146119369,83767998,3189079,0.6249717826031757,457,907533.0
2021-04-24,146943967,84344289,3202201,0.5643317553609201,458,824598.0
2021-04-25,147672696,84878103,3212951,0.4959230480010111,459,728729.0
2021-04-26,148360462,85565469,3224541,0.4657367398506762,460,687766.0
2021-04-27,149199958,86246373,3239557,0.5658488715140292,461,839496.0
2021-04-28,150098583,86843038,3255535,0.6022957459545665,462,898625.0
2021-04-29,150993610,87550354,3271268,0.5962927711316236,463,895027.0
2021-04-30,151885385,88236950,3285680,0.5906044633279514,464,891775.0
2021-05-01,152680343,88919400,3298710,0.5233933468977282,465,794958.0
2021-05-02,153367519,89612414,3309013,0.4500749647909816,466,687176.0
2021-05-03,154056690,90255903,3320659,0.4493591632006514,467,689171.0
2021-05-04,154842345,90912803,3334777,0.5099778529578949,468,785655.0
2021-05-05,155684714,91626285,3349654,0.5440172066626865,469,842369.0
2021-05-06,156557290,92301897,3364262,0.5604763483716199,470,872576.0
2021-05-07,157392278,92998026,3378783,0.5333434169689575,471,834988.0
2021-05-08,158181221,93709031,3392088,0.501259026189328,472,788943.0
2021-05-09,158830526,94371824,3402507,0.4104817221002486,473,649305.0
2021-05-10,159455449,95000510,3413570,0.3934527044253446,474,624923.0
2021-05-11,160181621,95751514,3427762,0.4554074536518347,475,726172.0
2021-05-12,160949550,96399063,3441913,0.4794114301040816,476,767929.0
2021-05-13,161684855,97089180,3455377,0.4568543372752517,477,735305.0
2021-05-14,162394780,97754527,3468377,0.4390794672760167,478,709925.0
2021-05-15,163026598,98397064,3480647,0.3890629982072084,479,631818.0
2021-05-16,163573172,99064468,3490915,0.3352667642613753,480,546574.0
2021-05-17,164116235,99808930,3502229,0.3320000421585026,481,543063.0
2021-05-18,164736006,100552043,3516310,0.3776414929333469,482,619771.0
2021-05-19,165408800,101250070,3529788,0.408407376344914,483,672794.0
2021-05-20,165690919,101886759,3542965,0.1705586401690841,484,282119.0
2021-05-21,166317397,102501547,3555935,0.3781003834012171,485,626478.0
2021-05-22,166890042,103118308,3567369,0.3443085391722431,486,572645.0
2021-05-23,167371567,103620279,3577194,0.2885282993697131,487,481525.0
2021-05-24,167822262,104247871,3586314,0.2692781146035395,488,450695.0
2021-05-25,168356595,104824934,3599276,0.3183922047243053,489,534333.0
2021-05-26,168925182,105380747,3612081,0.3377277854781988,490,568587.0
2021-05-27,169472359,106078105,3625015,0.3239167739952472,491,547177.0
2021-05-28,169977978,106633068,3637016,0.2983489478658876,492,505619.0
2021-05-29,170458538,107140668,3647820,0.2827189766900274,493,480560.0
2021-05-30,170848636,107630597,3656202,0.2288521329450801,494,390098.0
2021-05-31,171235461,108159766,3664871,0.2264138649605607,495,386825.0
2021-06-01,171695471,108743649,3680082,0.2686417855936978,496,460010.0
2021-06-02,172183117,109272023,3691980,0.2840179750577113,497,487646.0
2021-06-03,172663902,109701213,3702144,0.2792288863024822,498,480785.0
2021-06-04,173089139,110226715,3712787,0.2462801981620918,499,425237.0
2021-06-05,173486079,110704845,3722183,0.2293269250128975,500,396940.0
2021-06-06,173809303,111146371,3729461,0.1863112025259387,501,323224.0
2021-06-07,174130990,111568368,3737520,0.1850804269090245,502,321687.0
2021-06-08,174501789,111983104,3748170,0.2129425669721397,503,370799.0
2021-06-09,174920328,112435799,3758323,0.2398479708422932,504,418539.0
2021-06-10,175373823,112849488,3774292,0.2592580320338754,505,453495.0
2021-06-11,175796382,113225020,3786030,0.2409475899946596,506,422559.0
2021-06-12,176164980,113563994,3795834,0.2096732570980897,507,368598.0
2021-06-13,176467978,113993655,3805101,0.1719967271588257,508,302998.0
2021-06-14,176777436,114340429,3813079,0.1753621271730104,509,309458.0
2021-06-15,177152356,114800574,3823828,0.2120858908712761,510,374920.0
2021-06-16,177541331,115149801,3833886,0.2195708873327092,511,388975.0
2021-06-17,177937632,115530279,3843207,0.2232161929663577,512,396301.0
2021-06-18,178341062,115849842,3852407,0.2267255079577545,513,403430.0
2021-06-19,178689527,116181692,3860570,0.1953924665986344,514,348465.0
2021-06-20,178992964,116446786,3867304,0.1698124143559908,515,303437.0
2021-06-21,179289570,116804004,3874286,0.1657081895129687,516,296606.0
2021-06-22,179699866,117107408,3883209,0.2288454370212388,517,410296.0
2021-06-23,180096920,117507151,3892588,0.2209539766713014,518,397054.0
2021-06-24,180506291,117796862,3901240,0.2273059417118293,519,409371.0
2021-06-25,180924286,118125509,3910471,0.2315681063991282,520,417995.0
2021-06-26,181287479,118420068,3917993,0.2007430887415523,521,363193.0
2021-06-27,181598524,118678807,3924070,0.1715755559709669,522,311045.0
2021-06-28,181931639,119006263,3930616,0.1834348609573501,523,333115.0
2021-06-29,182313066,119299679,3938757,0.2096540228497584,524,381427.0
2021-06-30,182712486,119580620,3947956,0.2190846815115269,525,399420.0
2021-07-01,183148177,120008476,3956503,0.2384571572191295,526,435691.0
2021-07-02,183590581,120299518,3964846,0.241555229894535,527,442404.0
2021-07-03,183965141,120569293,3971764,0.2040191811365312,528,374560.0
2021-07-04,184293366,120868181,3978382,0.1784169534596774,529,328225.0
2021-07-05,184670047,121235174,3985742,0.204392056087358,530,376681.0
2021-07-06,185120673,121563017,3994232,0.244016832897649,531,450626.0
2021-07-07,185585716,121831180,4002771,0.2512107332280495,532,465043.0
2021-07-08,186067519,122123831,4011679,0.2596121136822836,533,481803.0
2021-07-09,186581412,122462949,4020050,0.2761863020272764,534,513893.0
2021-07-10,187003460,122907153,4026651,0.2262004534513867,535,422048.0
2021-07-11,187374019,123197639,4034264,0.1981562266281062,536,370559.0
2021-07-12,187806270,123499875,4042328,0.2306888662082868,537,432251.0
2021-07-13,188332239,123783322,4050711,0.2800593398718797,538,525969.0
2021-07-14,188870189,124113063,4059318,0.2856388278801273,539,537950.0
2021-07-15,189446635,124394119,4067943,0.3052075094815519,540,576446.0
2021-07-16,190042655,124784824,4076686,0.3146110248936329,541,596020.0
2021-07-17,190533173,125065613,4084203,0.2581094228556215,542,490518.0
2021-07-18,190954486,125382096,4090742,0.2211231741781784,543,421313.0
2021-07-19,191440779,125688817,4097881,0.2546643497026825,544,486293.0
2021-07-20,191973342,126008997,4118607,0.2781868120166811,545,532563.0
2021-07-21,192529117,126315580,4127267,0.2895063419795025,546,555775.0
2021-07-22,193094481,126671708,4136039,0.2936511675789797,547,565364.0
2021-07-23,193822688,126918098,4144358,0.3771247092245997,548,728207.0
2021-07-24,194255794,127435324,4153052,0.2234547484967291,549,433106.0
2021-07-25,194702066,127762741,4160384,0.2297342029345081,550,446272.0
2021-07-26,195240235,128063201,4168797,0.2764064147115932,551,538169.0
2021-07-27,195846899,128409040,4178640,0.3107269359719834,552,606664.0
2021-07-28,196496923,128745703,4188793,0.3319041574408589,553,650024.0
2021-07-29,197139976,129094091,4199056,0.327258559667115,554,643053.0
2021-07-30,197872571,129401282,4208607,0.371611590335184,555,732595.0
2021-07-31,198391486,129705211,4217440,0.2622470600030764,556,518915.0
2021-08-01,198875665,129994389,4224807,0.2440523077688928,557,484179.0
2021-08-02,199443161,130277533,4232852,0.2853521570876959,558,567496.0
2021-08-03,200077681,130582001,4243256,0.3181457798896398,559,634520.0
2021-08-04,200758017,130899061,4253756,0.340035928345251,560,680336.0
2021-08-05,201443373,0,4264706,0.3413841251480383,561,685356.0
2021-08-06,202263081,0,4275153,0.4069173325448637,562,819708.0
2021-08-07,202826624,0,4283820,0.2786188152646601,563,563543.0
2021-08-08,203296529,0,4291259,0.2316781646969581,564,469905.0
2021-08-09,203910612,0,4300015,0.3020627076225192,565,614083.0
2021-08-10,204556461,0,4311606,0.3167314313195234,566,645849.0
2021-08-11,205287051,0,4322122,0.3571581148932763,567,730590.0
2021-08-12,205993035,0,4332626,0.3439008922194513,568,705984.0
2021-08-13,206794999,0,4343083,0.3893160756624611,569,801964.0
2021-08-14,207352369,0,4351807,0.2695277945285321,570,557370.0
2021-08-15,207822568,0,4359219,0.2267632640358211,571,470199.0
2021-08-16,208477534,0,4368979,0.315156340479827,572,654966.0
2021-08-17,209159680,0,4379748,0.3272036017079903,573,682146.0
2021-08-18,209895653,0,4390561,0.3518713549380071,574,735973.0
2021-08-19,210607624,0,4402001,0.3392023559439794,575,711971.0
2021-08-20,211392868,0,4412487,0.3728469013068587,576,785244.0
2021-08-21,211958726,0,4421394,0.2676807431365187,577,565858.0
2021-08-22,212412489,0,4429082,0.2140808300574518,578,453763.0
2021-08-23,213083549,0,4439029,0.3159230434892178,579,671060.0
2021-08-24,213760144,0,4450069,0.317525685664265,580,676595.0
2021-08-25,214497353,0,4461417,0.3448767324932191,581,737209.0
2021-08-26,215233641,0,4473015,0.3432620448234622,582,736288.0
2021-08-27,215985195,0,4483359,0.3491805446900375,583,751554.0
2021-08-28,216551398,0,4491807,0.2621489866469783,584,566203.0
2021-08-29,217005390,0,4498545,0.2096463029991614,585,453992.0
2021-08-30,217659628,0,4508005,0.3014846774082431,586,654238.0
2021-08-31,218280898,0,4517214,0.2854318946093209,587,621270.0
2021-09-01,219000231,0,4529702,0.3295446402277491,588,719333.0
2021-09-02,219676549,0,4540913,0.3088206788238501,589,676318.0
2021-09-03,220400668,0,4551613,0.3296296319731425,590,724119.0
2021-09-04,220906759,0,4559352,0.2296231697446579,591,506091.0
2021-09-05,221362690,0,4565831,0.2063906971719231,592,455931.0
2021-09-06,221821940,0,4573840,0.2074649526530419,593,459250.0
2021-09-07,222478184,0,4584328,0.2958426925668398,594,656244.0
2021-09-08,223115208,0,4594429,0.2863309959416066,595,637024.0
2021-09-09,223755136,0,4605142,0.2868150520694223,596,639928.0
2021-09-10,224414378,0,4614334,0.2946265331759803,597,659242.0
2021-09-11,224892541,0,4622726,0.2130714637187818,598,478163.0
2021-09-12,225269501,0,4628306,0.1676178313090428,599,376960.0
2021-09-13,225831661,0,4637341,0.2495499823564664,600,562160.0
2021-09-14,226382316,0,4647239,0.2438342779580406,601,550655.0
2021-09-15,226949475,0,4657706,0.2505314946950184,602,567159.0
2021-09-16,227536585,0,4668180,0.2586963464004488,603,587110.0
2021-09-17,228159977,0,4677223,0.2739744028416353,604,623392.0
2021-09-18,228691015,0,4683766,0.2327480949912613,605,531038.0
2021-09-19,229060019,0,4689794,0.1613548306652974,606,369004.0
2021-09-20,229576329,0,4697932,0.2254038056287771,607,516310.0
2021-09-21,230065643,0,4707355,0.2131378274630395,608,489314.0
2021-09-22,230600342,0,4717094,0.2324114948358455,609,534699.0
2021-09-23,231148056,0,4726946,0.2375165601445638,610,547714.0
2021-09-24,231697328,0,4735665,0.2376277826018143,611,549272.0
2021-09-25,232077347,0,4741180,0.1640152708191783,612,380019.0
2021-09-26,232439247,0,4746649,0.1559393903274842,613,361900.0
2021-09-27,232909032,0,4754271,0.2021108767401918,614,469785.0
2021-09-28,233360421,0,4763667,0.193804849955325,615,451389.0
2021-09-29,233851041,0,4772938,0.2102413073723414,616,490620.0
2021-09-30,234340438,0,4781771,0.2092772381543514,617,489397.0
2021-10-01,234862666,0,4790395,0.2228501424922659,618,522228.0
2021-10-02,235219823,0,4796358,0.1520705721700357,619,357157.0
2021-10-03,235534134,0,4800641,0.1336243671945965,620,314311.0
2021-10-04,235968653,0,4807688,0.1844823901405305,621,434519.0
2021-10-05,236391351,0,4815096,0.1791331156176918,622,422698.0
2021-10-06,236898796,0,4824263,0.2146630990742127,623,507445.0
2021-10-07,237360236,0,4833182,0.1947835986469091,624,461440.0
2021-10-08,237836322,0,4840732,0.2005752977090906,625,476086.0
2021-10-09,238183753,0,4845634,0.1460798742086164,626,347431.0
2021-10-10,238506140,0,4850329,0.1353522211063657,627,322387.0
2021-10-11,238880802,0,4856064,0.1570869412418481,628,374662.0
2021-10-12,239319201,0,4864132,0.1835220730714057,629,438399.0
2021-10-13,239776316,0,4873048,0.1910064040369247,630,457115.0
2021-10-14,240229852,0,4881003,0.1891496239353348,631,453536.0
2021-10-15,240688651,0,4888198,0.1909833420702436,632,458799.0
2021-10-16,241039445,0,4893557,0.1457459662275476,633,350794.0
2021-10-17,241359592,0,4897845,0.1328193400047033,634,320147.0
2021-10-18,241769765,0,4904250,0.1699426969531834,635,410173.0
2021-10-19,242201982,0,4912482,0.1787721471293153,636,432217.0
2021-10-20,242678202,0,4921159,0.1966210169163686,637,476220.0
2021-10-21,243140623,0,4928821,0.190549046510572,638,462421.0
2021-10-22,243633498,0,4937006,0.2027119096425117,639,492875.0
2021-10-23,244017010,0,4942892,0.1574134932791549,640,383512.0
2021-10-24,244337844,0,4947423,0.1314801783695325,641,320834.0
2021-10-25,244764051,0,4954116,0.1744334782621721,642,426207.0
2021-10-26,245190193,0,4961902,0.1741031815166353,643,426142.0
2021-10-27,245704870,0,4971047,0.2099092927423896,644,514677.0
2021-10-28,246188053,0,4979941,0.1966517798365168,645,483183.0
2021-10-29,246684172,0,4987742,0.2015203394130583,646,496119.0
2021-10-30,247078252,0,4993808,0.1597508250346925,647,394080.0
2021-10-31,247441791,0,4998323,0.1471351675257926,648,363539.0
2021-11-01,247862939,0,5004550,0.1702008372546899,649,421148.0
2021-11-02,248267015,0,5011705,0.1630239686619708,650,404076.0
2021-11-03,248791446,0,5020142,0.2112366799915002,651,524431.0
2021-11-04,249311355,0,5027749,0.2089738246064939,652,519909.0
2021-11-05,249835638,0,5036379,0.2102924674249193,653,524283.0
2021-11-06,250273075,0,5043130,0.1750899125128017,654,437437.0
2021-11-07,250633834,0,5047630,0.1441461491612711,655,360759.0
2021-11-08,251104863,0,5054205,0.1879351213212498,656,471029.0
2021-11-09,251572196,0,5062306,0.1861106927268071,657,467333.0
2021-11-10,252149324,0,5070583,0.2294084994988874,658,577128.0
2021-11-11,252670145,0,5078264,0.2065526061057375,659,520821.0
2021-11-12,253268010,0,5087293,0.2366187742520985,660,597865.0
2021-11-13,253709049,0,5093750,0.1741392448260638,661,441039.0
2021-11-14,254087547,0,5098387,0.1491858494964442,662,378498.0
2021-11-15,254614006,0,5105091,0.2071959079521516,663,526459.0
2021-11-16,255119474,0,5112782,0.1985232501310238,664,505468.0
2021-11-17,255738287,0,5121983,0.2425581200437878,665,618813.0
2021-11-18,256359795,0,5130367,0.2430250109558292,666,621508.0
2021-11-19,256975937,0,5138374,0.2403426793191186,667,616142.0
2021-11-20,257476267,0,5144616,0.1946991636030108,668,500330.0
2021-11-21,257896926,0,5149188,0.163377776484541,669,420659.0
2021-11-22,258498491,0,5156226,0.233257917932686,670,601565.0
2021-11-23,259088786,0,5164266,0.2283552982133269,671,590295.0
2021-11-24,259749821,0,5172889,0.2551384064920509,672,661035.0
2021-11-25,260348236,0,5180720,0.2303812944687265,673,598415.0
2021-11-26,260958536,0,5187603,0.2344167985835709,674,610300.0
2021-11-27,261442001,0,5193759,0.185265064485187,675,483465.0
2021-11-28,261872471,0,5198598,0.1646521975633134,676,430470.0
2021-11-29,262503351,0,5206035,0.2409111570952412,677,630880.0
2021-11-30,263103570,0,5214076,0.2286519382375427,678,600219.0
2021-12-01,263808393,0,5223401,0.267888041199897,679,704823.0
2021-12-02,264514416,0,5233564,0.2676271941052308,680,706023.0
2021-12-03,265243812,0,5242115,0.2757490540704594,681,729396.0
2021-12-04,265779007,0,5247925,0.2017747354648937,682,535195.0
2021-12-05,266238363,0,5255326,0.1728338160282162,683,459356.0
2021-12-06,266837354,0,5262171,0.2249829788804703,684,598991.0
2021-12-07,267477689,0,5270013,0.2399720243066119,685,640335.0
2021-12-08,268190740,0,5278327,0.2665833560420809,686,713051.0
2021-12-09,268888034,0,5286892,0.2599992826001375,687,697294.0
2021-12-10,269581599,0,5294954,0.2579382167672065,688,693565.0
2021-12-11,270102238,0,5301315,0.1931285376788643,689,520639.0
2021-12-12,270557955,0,5305892,0.168720186613189,690,455717.0
2021-12-13,271168627,0,5312131,0.2257083884301239,691,610672.0
2021-12-14,271806819,0,5319931,0.2353487595746096,692,638192.0
2021-12-15,272546235,0,5329015,0.2720373251562905,693,739416.0
2021-12-16,273288914,0,5336420,0.2724965178843875,694,742679.0
2021-12-17,274056452,0,5343698,0.2808522265926967,695,767538.0
2021-12-18,274626704,0,5349753,0.2080782976786111,696,570252.0
2021-12-19,275139094,0,5354168,0.1865769033152726,697,512390.0
2021-12-20,275875635,0,5360781,0.2676976903907374,698,736541.0
2021-12-21,276632039,0,5368447,0.2741829665385274,699,756404.0
2021-12-22,277542581,0,5378823,0.3291527631042042,700,910542.0
2021-12-23,278549328,0,5386072,0.362736051661925,701,1006747.0
2021-12-24,279441137,0,5392175,0.3201619642751391,702,891809.0
2021-12-25,280143261,0,5396516,0.2512600712757621,703,702124.0
2021-12-26,280723328,0,5400289,0.2070608437730722,704,580067.0
2021-12-27,281991534,0,5406610,0.4517636667516281,705,1268206.0
2021-12-28,283318084,0,5414187,0.4704219240851393,706,1326550.0
2021-12-29,285014489,0,5422062,0.5987634026213449,707,1696405.0
2021-12-30,286956973,0,5429648,0.6815386848631404,708,1942484.0
2021-12-31,288702918,0,5436385,0.6084344219786567,709,1745945.0
2022-01-01,289928499,0,5440821,0.4245128551142666,710,1225581.0
2022-01-02,290848465,0,5444100,0.3173078890737126,711,919966.0
2022-01-03,293207625,0,5449830,0.811130290819998,712,2359160.0
2022-01-04,295707620,0,5457794,0.8526364210344121,713,2499995.0
2022-01-05,298281697,0,5465721,0.870480442810368,714,2574077.0
2022-01-06,300939650,0,5473352,0.8910881984153389,715,2657953.0
2022-01-07,303883455,0,5480605,0.9782044340119356,716,2943805.0
2022-01-08,306062481,0,5486154,0.7170597688511867,717,2179026.0
2022-01-09,308098481,0,5490156,0.6652236475858666,718,2036000.0
2022-01-10,311286657,0,5496572,1.034791210152055,719,3188176.0
2022-01-11,314318499,0,5505829,0.9739710751559776,720,3031842.0
2022-01-12,317771465,0,5515029,1.0985564040887077,721,3452966.0
2022-01-13,320953420,0,5523359,1.0013344023825426,722,3181955.0
2022-01-14,324269276,0,5531354,1.0331268630818764,723,3315856.0
2022-01-15,326766141,0,5537758,0.7699974017889996,724,2496865.0
2022-01-16,328944049,0,5542128,0.6665035714333695,725,2177908.0
2022-01-17,331605207,0,5548217,0.8090001956533344,726,2661158.0
2022-01-18,335365768,0,5557505,1.134047632732136,727,3760561.0
2022-01-19,339454794,0,5567559,1.2192735186973525,728,4089026.0
2022-01-20,343160300,0,5577247,1.0916051461037843,729,3705506.0
2022-01-21,346995996,0,5587202,1.1177563371986796,730,3835696.0
2022-01-22,349785095,0,5593449,0.8037842027433654,731,2789099.0
2022-01-23,352241709,0,5598467,0.7023209493817911,732,2456614.0
2022-01-24,355664142,0,5606968,0.971614920253524,733,3422433.0
2022-01-25,359315173,0,5617692,1.0265389643918617,734,3651031.0
2022-01-26,362977513,0,5628287,1.0192555937513943,735,3662340.0
2022-01-27,366733894,0,5638821,1.0348798108603494,736,3756381.0
2022-01-28,370353940,0,5651060,0.9871042898478318,737,3620046.0
2022-01-29,373094973,0,5659104,0.7401117428371357,738,2741033.0
2022-01-30,375411593,0,5664764,0.6209196498608411,739,2316620.0
2022-01-31,378898305,0,5674484,0.9287704655407378,740,3486712.0
2022-02-01,382058803,0,5688480,0.8341283025797649,741,3160498.0
2022-02-02,385247362,0,5700656,0.8345728393019124,742,3188559.0
2022-02-03,388420043,0,5712365,0.8235438611517345,743,3172681.0
2022-02-04,391364751,0,5725509,0.7581246264369524,744,2944708.0
2022-02-05,393664575,0,5733888,0.5876420894123906,745,2299824.0
2022-02-06,395536584,0,5739758,0.4755340253818876,746,1872009.0
2022-02-07,398132675,0,5750605,0.656346620013283,747,2596091.0
2022-02-08,400757381,0,5763661,0.6592541041751974,748,2624706.0
2022-02-09,403196058,0,5776954,0.60851705186685,749,2438677.0
2022-02-10,405975896,0,5788716,0.6894506890243456,750,2779838.0
2022-02-11,408397574,0,5800898,0.5965078281396293,751,2421678.0
2022-02-12,410316973,0,5809724,0.4699829583218826,752,1919399.0
2022-02-13,411834455,0,5814923,0.3698316423288685,753,1517482.0
2022-02-14,413533932,0,5825785,0.4126602277606909,754,1699477.0
2022-02-15,415413492,0,5836502,0.4545116747517589,755,1879560.0
2022-02-16,417650987,0,5849486,0.5386187601244304,756,2237495.0
2022-02-17,419707976,0,5861869,0.4925138606220988,757,2056989.0
2022-02-18,421687213,0,5872514,0.4715747884667314,758,1979237.0
2022-02-19,423315769,0,5881022,0.38619999606201,759,1628556.0
2022-02-20,424641031,0,5886415,0.3130670050706285,760,1325262.0
2022-02-21,426036968,0,5893583,0.3287334237844764,761,1395937.0
2022-02-22,427749047,0,5903733,0.401861605587241,762,1712079.0
2022-02-23,429676087,0,5915748,0.4505071404635999,763,1927040.0
2022-02-24,431444205,0,5926525,0.4115002099244122,764,1768118.0
2022-02-25,433081005,0,5935378,0.3793769810861175,765,1636800.0
2022-02-26,434510151,0,5941897,0.3299950779415966,766,1429146.0
2022-02-27,435657010,0,5946387,0.263942970575157,767,1146859.0
2022-02-28,437015803,0,5954001,0.3118951305294043,768,1358793.0
2022-03-01,438639552,0,5962176,0.3715538405827397,769,1623749.0
2022-03-02,440300042,0,5970165,0.378554554059001,770,1660490.0
2022-03-03,442056325,0,5978342,0.3988832233633991,771,1756283.0
2022-03-04,443810172,0,5986924,0.3967474054352689,772,1753847.0
2022-03-05,445279837,0,5992605,0.3311472094875734,773,1469665.0
2022-03-06,446492187,0,5996677,0.2722669879166345,774,1212350.0
2022-03-07,447915024,0,6004209,0.3186700778708139,775,1422837.0
2022-03-08,449665818,0,6011475,0.3908763730148957,776,1750794.0
2022-03-09,451505161,0,6019271,0.4090466578449154,777,1839343.0
2022-03-10,453366072,0,6026792,0.4121571934811173,778,1860911.0
2022-03-11,455216502,0,6033268,0.4081536123417722,779,1850430.0
2022-03-12,456964861,0,6037979,0.3840719728565552,780,1748359.0
2022-03-13,458246184,0,6041327,0.2803985840828142,781,1281323.0
2022-03-14,459875566,0,6046593,0.355569136610639,782,1629382.0
2022-03-15,461678072,0,6051908,0.3919551577132497,783,1802506.0
2022-03-16,463901519,0,6058692,0.4816011707829173,784,2223447.0
2022-03-17,465954428,0,6065766,0.4425312088706483,785,2052909.0
2022-03-18,467868149,0,6071185,0.4107099074504342,786,1913721.0
2022-03-19,469577252,0,6075019,0.3652958645834213,787,1709103.0
2022-03-20,470647389,0,6078084,0.2278937055494332,788,1070137.0
2022-03-21,472118029,0,6094399,0.3124717217968036,789,1470640.0
2022-03-22,474093465,0,6099303,0.4184199455767871,790,1975436.0
2022-03-23,475866103,0,6105144,0.3739005345707518,791,1772638.0
2022-03-24,477617482,0,6110404,0.3680402930485679,792,1751379.0
2022-03-25,479458583,0,6119371,0.3854760492204931,793,1841101.0
2022-03-26,480815100,0,6122298,0.2829268362477098,794,1356517.0
2022-03-27,481727049,0,6124662,0.1896672962226019,795,911949.0
2022-03-28,483219734,0,6128734,0.3098611554195704,796,1492685.0
2022-03-29,484968478,0,6133504,0.3618941605559511,797,1748744.0
2022-03-30,486560758,0,6138489,0.3283264938303887,798,1592280.0
2022-03-31,488406809,0,6143294,0.3794081149470751,799,1846051.0
2022-04-01,489571518,0,6147833,0.2384710815937867,800,1164709.0
2022-04-02,490616434,0,6150482,0.2134348019812704,801,1044916.0
2022-04-03,491405149,0,6152101,0.160760004219508,802,788715.0
2022-04-04,492310289,0,6155027,0.184194244167352,803,905140.0
2022-04-05,493669057,0,6159243,0.2759982942383721,804,1358768.0
2022-04-06,495122641,0,6166840,0.2944450293954721,805,1453584.0
2022-04-07,496338419,0,6170907,0.2455508795850036,806,1215778.0
2022-04-08,497531675,0,6175012,0.240411774370422,807,1193256.0
2022-04-09,498299996,0,6177309,0.1544265498272044,808,768321.0
2022-04-10,498868313,0,6178789,0.1140511749070935,809,568317.0
2022-04-11,499843502,0,6181737,0.1954802449038289,810,975189.0
2022-04-12,500880363,0,6185040,0.2074371269909997,811,1036861.0
2022-04-13,501920234,0,6189593,0.2076086580379674,812,1039871.0
2022-04-14,502892186,0,6193401,0.1936467060222162,813,971952.0
2022-04-15,503606396,0,6195647,0.1420205005929442,814,714210.0
2022-04-16,504155459,0,6197159,0.1090262165772811,815,549063.0
